{
    "name": "root",
    "gauges": {
        "MoveToGoal.Policy.Entropy.mean": {
            "value": 0.6214505434036255,
            "min": 0.6214505434036255,
            "max": 2.880732536315918,
            "count": 13
        },
        "MoveToGoal.Policy.Entropy.sum": {
            "value": 12427.146484375,
            "min": 12427.146484375,
            "max": 57804.78125,
            "count": 13
        },
        "MoveToGoal.Step.mean": {
            "value": 259980.0,
            "min": 19994.0,
            "max": 259980.0,
            "count": 13
        },
        "MoveToGoal.Step.sum": {
            "value": 259980.0,
            "min": 19994.0,
            "max": 259980.0,
            "count": 13
        },
        "MoveToGoal.Policy.ExtrinsicValueEstimate.mean": {
            "value": 0.41081702709198,
            "min": -3.085495948791504,
            "max": 5.785296440124512,
            "count": 13
        },
        "MoveToGoal.Policy.ExtrinsicValueEstimate.sum": {
            "value": 395.20599365234375,
            "min": -715.8350830078125,
            "max": 1157.059326171875,
            "count": 13
        },
        "MoveToGoal.Environment.EpisodeLength.mean": {
            "value": 19.786902286902286,
            "min": 19.786902286902286,
            "max": 197.67326732673268,
            "count": 13
        },
        "MoveToGoal.Environment.EpisodeLength.sum": {
            "value": 19035.0,
            "min": 19035.0,
            "max": 19965.0,
            "count": 13
        },
        "MoveToGoal.Environment.CumulativeReward.mean": {
            "value": -0.015841875930090208,
            "min": -9.907198898792267,
            "max": -0.015841875930090208,
            "count": 13
        },
        "MoveToGoal.Environment.CumulativeReward.sum": {
            "value": -15.23988464474678,
            "min": -1001.6398809552193,
            "max": -15.23988464474678,
            "count": 13
        },
        "MoveToGoal.Policy.ExtrinsicReward.mean": {
            "value": -0.015841875930090208,
            "min": -9.907198898792267,
            "max": -0.015841875930090208,
            "count": 13
        },
        "MoveToGoal.Policy.ExtrinsicReward.sum": {
            "value": -15.23988464474678,
            "min": -1001.6398809552193,
            "max": -15.23988464474678,
            "count": 13
        },
        "MoveToGoal.Losses.PolicyLoss.mean": {
            "value": 0.066930818678217,
            "min": 0.06229895856099405,
            "max": 0.07506088467080527,
            "count": 13
        },
        "MoveToGoal.Losses.PolicyLoss.sum": {
            "value": 0.66930818678217,
            "min": 0.5606906270489465,
            "max": 0.6898212891639257,
            "count": 13
        },
        "MoveToGoal.Losses.ValueLoss.mean": {
            "value": 0.00667639096742884,
            "min": 0.00667639096742884,
            "max": 1.7807059775761982,
            "count": 13
        },
        "MoveToGoal.Losses.ValueLoss.sum": {
            "value": 0.0667639096742884,
            "min": 0.0667639096742884,
            "max": 16.026353798185784,
            "count": 13
        },
        "MoveToGoal.Policy.LearningRate.mean": {
            "value": 4.993288335573334e-05,
            "min": 4.993288335573334e-05,
            "max": 0.00028950711460874073,
            "count": 13
        },
        "MoveToGoal.Policy.LearningRate.sum": {
            "value": 0.0004993288335573333,
            "min": 0.0004993288335573333,
            "max": 0.0026953761015413333,
            "count": 13
        },
        "MoveToGoal.Policy.Epsilon.mean": {
            "value": 0.11664426666666665,
            "min": 0.11664426666666665,
            "max": 0.19650237037037038,
            "count": 13
        },
        "MoveToGoal.Policy.Epsilon.sum": {
            "value": 1.1664426666666665,
            "min": 1.1664426666666665,
            "max": 1.8984586666666667,
            "count": 13
        },
        "MoveToGoal.Policy.Beta.mean": {
            "value": 0.0008405489066666668,
            "min": 0.0008405489066666668,
            "max": 0.004825468281481482,
            "count": 13
        },
        "MoveToGoal.Policy.Beta.sum": {
            "value": 0.008405489066666667,
            "min": 0.008405489066666667,
            "max": 0.04493308746666667,
            "count": 13
        },
        "MoveToGoal.IsTraining.mean": {
            "value": 1.0,
            "min": 1.0,
            "max": 1.0,
            "count": 13
        },
        "MoveToGoal.IsTraining.sum": {
            "value": 1.0,
            "min": 1.0,
            "max": 1.0,
            "count": 13
        }
    },
    "metadata": {
        "timer_format_version": "0.1.0",
        "start_time_seconds": "1651331958",
        "python_version": "3.7.9 (tags/v3.7.9:13c94747c7, Aug 17 2020, 18:58:18) [MSC v.1900 64 bit (AMD64)]",
        "command_line_arguments": "C:\\Users\\jeffe\\Documents\\Jamie's Work\\Unity Projects\\Learning-bots\\venv\\Scripts\\mlagents-learn Config\\Hyperparams.yaml --run-id surroundedMoveToGoal_3 --force",
        "mlagents_version": "0.29.0",
        "mlagents_envs_version": "0.29.0",
        "communication_protocol_version": "1.5.0",
        "pytorch_version": "1.11.0+cpu",
        "numpy_version": "1.21.6",
        "end_time_seconds": "1651336487"
    },
    "total": 4529.3832688,
    "count": 1,
    "self": 0.024804100000437757,
    "children": {
        "run_training.setup": {
            "total": 0.17021019999999965,
            "count": 1,
            "self": 0.17021019999999965
        },
        "TrainerController.start_learning": {
            "total": 4529.1882545,
            "count": 1,
            "self": 6.195455899851368,
            "children": {
                "TrainerController._reset_env": {
                    "total": 10.927557700000001,
                    "count": 1,
                    "self": 10.927557700000001
                },
                "TrainerController.advance": {
                    "total": 4511.361682100149,
                    "count": 281717,
                    "self": 6.730183899784606,
                    "children": {
                        "env_step": {
                            "total": 4364.64691080029,
                            "count": 281717,
                            "self": 3898.139682300153,
                            "children": {
                                "SubprocessEnvManager._take_step": {
                                    "total": 462.38208280005557,
                                    "count": 281717,
                                    "self": 17.15407030004775,
                                    "children": {
                                        "TorchPolicy.evaluate": {
                                            "total": 445.2280125000078,
                                            "count": 274144,
                                            "self": 87.1125218999963,
                                            "children": {
                                                "TorchPolicy.sample_actions": {
                                                    "total": 358.1154906000115,
                                                    "count": 274144,
                                                    "self": 358.1154906000115
                                                }
                                            }
                                        }
                                    }
                                },
                                "workers": {
                                    "total": 4.125145700082069,
                                    "count": 281716,
                                    "self": 0.0,
                                    "children": {
                                        "worker_root": {
                                            "total": 4507.44752350007,