{
    "name": "root",
    "gauges": {
        "MoveToGoal.Policy.Entropy.mean": {
            "value": 0.8271352648735046,
            "min": 0.8271352648735046,
            "max": 0.9294342994689941,
            "count": 4
        },
        "MoveToGoal.Policy.Entropy.sum": {
            "value": 16547.66796875,
            "min": 16547.66796875,
            "max": 18295.9140625,
            "count": 4
        },
        "MoveToGoal.Step.mean": {
            "value": 1019917.0,
            "min": 959941.0,
            "max": 1019917.0,
            "count": 4
        },
        "MoveToGoal.Step.sum": {
            "value": 1019917.0,
            "min": 959941.0,
            "max": 1019917.0,
            "count": 4
        },
        "MoveToGoal.Policy.ExtrinsicValueEstimate.mean": {
            "value": 0.49361953139305115,
            "min": -0.35210898518562317,
            "max": 0.49361953139305115,
            "count": 4
        },
        "MoveToGoal.Policy.ExtrinsicValueEstimate.sum": {
            "value": 93.78771209716797,
            "min": -67.25281524658203,
            "max": 93.78771209716797,
            "count": 4
        },
        "MoveToGoal.Environment.EpisodeLength.mean": {
            "value": 260.55263157894734,
            "min": 259.76,
            "max": 303.6363636363636,
            "count": 4
        },
        "MoveToGoal.Environment.EpisodeLength.sum": {
            "value": 19802.0,
            "min": 19482.0,
            "max": 20040.0,
            "count": 4
        },
        "MoveToGoal.Environment.CumulativeReward.mean": {
            "value": -2.1979224677983815,
            "min": -3.2923081764808066,
            "max": -2.111533737977346,
            "count": 4
        },
        "MoveToGoal.Environment.CumulativeReward.sum": {
            "value": -169.2400300204754,
            "min": -214.00003147125244,
            "max": -158.36503034830093,
            "count": 4
        },
        "MoveToGoal.Policy.ExtrinsicReward.mean": {
            "value": -2.1979224677983815,
            "min": -3.2923081764808066,
            "max": -2.111533737977346,
            "count": 4
        },
        "MoveToGoal.Policy.ExtrinsicReward.sum": {
            "value": -169.2400300204754,
            "min": -214.00003147125244,
            "max": -158.36503034830093,
            "count": 4
        },
        "MoveToGoal.Losses.PolicyLoss.mean": {
            "value": 0.06653243646185189,
            "min": 0.06653243646185189,
            "max": 0.0719064333234165,
            "count": 4
        },
        "MoveToGoal.Losses.PolicyLoss.sum": {
            "value": 0.598791928156667,
            "min": 0.598791928156667,
            "max": 0.719064333234165,
            "count": 4
        },
        "MoveToGoal.Losses.ValueLoss.mean": {
            "value": 0.17443167593295653,
            "min": 0.17443167593295653,
            "max": 0.2122239137792753,
            "count": 4
        },
        "MoveToGoal.Losses.ValueLoss.sum": {
            "value": 1.5698850833966087,
            "min": 1.5698850833966087,
            "max": 1.9100152240134778,
            "count": 4
        },
        "MoveToGoal.Policy.LearningRate.mean": {
            "value": 0.00014851530049491668,
            "min": 0.00014851530049491668,
            "max": 0.00015736103087967223,
            "count": 4
        },
        "MoveToGoal.Policy.LearningRate.sum": {
            "value": 0.00133663770445425,
            "min": 0.00133663770445425,
            "max": 0.0015150445949853,
            "count": 4
        },
        "MoveToGoal.Policy.Epsilon.mean": {
            "value": 0.14950508333333332,
            "min": 0.14950508333333332,
            "max": 0.15245366111111114,
            "count": 4
        },
        "MoveToGoal.Policy.Epsilon.sum": {
            "value": 1.3455457499999999,
            "min": 1.3455457499999999,
            "max": 1.5050147000000003,
            "count": 4
        },
        "MoveToGoal.Policy.Beta.mean": {
            "value": 0.0024803036583333333,
            "min": 0.0024803036583333333,
            "max": 0.0026274376894444445,
            "count": 4
        },
        "MoveToGoal.Policy.Beta.sum": {
            "value": 0.022322732924999998,
            "min": 0.022322732924999998,
            "max": 0.025300233530000008,
            "count": 4
        },
        "MoveToGoal.IsTraining.mean": {
            "value": 1.0,
            "min": 1.0,
            "max": 1.0,
            "count": 4
        },
        "MoveToGoal.IsTraining.sum": {
            "value": 1.0,
            "min": 1.0,
            "max": 1.0,
            "count": 4
        }
    },
    "metadata": {
        "timer_format_version": "0.1.0",
        "start_time_seconds": "1653257370",
        "python_version": "3.7.9 (tags/v3.7.9:13c94747c7, Aug 17 2020, 18:58:18) [MSC v.1900 64 bit (AMD64)]",
        "command_line_arguments": "C:\\Users\\jeffe\\Documents\\Jamie's Work\\Unity Projects\\Learning-bots\\venv\\Scripts\\mlagents-learn Config\\HyperparamsLonger.yaml --run-id fullSIM_checkpoint_incRewards_2 --resume",
        "mlagents_version": "0.29.0",
        "mlagents_envs_version": "0.29.0",
        "communication_protocol_version": "1.5.0",
        "pytorch_version": "1.11.0+cpu",
        "numpy_version": "1.21.6",
        "end_time_seconds": "1653258547"
    },
    "total": 1176.4688371,
    "count": 1,
    "self": 0.02423799999996845,
    "children": {
        "run_training.setup": {
            "total": 0.08711240000000009,
            "count": 1,
            "self": 0.08711240000000009
        },
        "TrainerController.start_learning": {
            "total": 1176.3574867,
            "count": 1,
            "self": 2.065601099978494,
            "children": {
                "TrainerController._reset_env": {
                    "total": 24.1783764,
                    "count": 1,
                    "self": 24.1783764
                },
                "TrainerController.advance": {
                    "total": 1149.0512024000216,
                    "count": 86144,
                    "self": 2.2531165000164037,
                    "children": {
                        "env_step": {
                            "total": 1102.5180913999973,
                            "count": 86144,
                            "self": 968.7092563999827,
                            "children": {
                                "SubprocessEnvManager._take_step": {
                                    "total": 132.42122870000244,
                                    "count": 86144,
                                    "self": 5.383585399989428,
                                    "children": {
                                        "TorchPolicy.evaluate": {
                                            "total": 127.03764330001302,
                                            "count": 85897,
                                            "self": 28.49532990002008,
                                            "children": {
                                                "TorchPolicy.sample_actions": {
                                                    "total": 98.54231339999293,
                                                    "count": 85897,
                                                    "self": 98.54231339999293
                                                }
                                            }
                                        }
                                    }
                                },
                                "workers": {
                                    "total": 1.3876063000121057,
                                    "count": 86143,
                                    "self": 0.0,
                                    "children": {
                                        "worker_root": {
                                            "total": 1145.251486299987,