{
    "name": "root",
    "gauges": {
        "MoveToGoal.Policy.Entropy.mean": {
            "value": 1.1586469411849976,
            "min": 1.1586469411849976,
            "max": 1.368987798690796,
            "count": 13
        },
        "MoveToGoal.Policy.Entropy.sum": {
            "value": 23134.703125,
            "min": 6047.4814453125,
            "max": 27398.921875,
            "count": 13
        },
        "MoveToGoal.Step.mean": {
            "value": 699932.0,
            "min": 459933.0,
            "max": 699932.0,
            "count": 13
        },
        "MoveToGoal.Step.sum": {
            "value": 699932.0,
            "min": 459933.0,
            "max": 699932.0,
            "count": 13
        },
        "MoveToGoal.Policy.ExtrinsicValueEstimate.mean": {
            "value": -1.3684903383255005,
            "min": -1.840691089630127,
            "max": -0.8618000149726868,
            "count": 13
        },
        "MoveToGoal.Policy.ExtrinsicValueEstimate.sum": {
            "value": -240.8542938232422,
            "min": -288.36920166015625,
            "max": -66.26487731933594,
            "count": 13
        },
        "MoveToGoal.Environment.EpisodeLength.mean": {
            "value": 423.82978723404256,
            "min": 423.82978723404256,
            "max": 599.0,
            "count": 13
        },
        "MoveToGoal.Environment.EpisodeLength.sum": {
            "value": 19920.0,
            "min": 4193.0,
            "max": 20321.0,
            "count": 13
        },
        "MoveToGoal.Environment.CumulativeReward.mean": {
            "value": -7.839894351807047,
            "min": -13.742858256612505,
            "max": -7.77117095570615,
            "count": 13
        },
        "MoveToGoal.Environment.CumulativeReward.sum": {
            "value": -368.4750345349312,
            "min": -424.44003587961197,
            "max": -96.20000779628754,
            "count": 13
        },
        "MoveToGoal.Policy.ExtrinsicReward.mean": {
            "value": -7.839894351807047,
            "min": -13.742858256612505,
            "max": -7.77117095570615,
            "count": 13
        },
        "MoveToGoal.Policy.ExtrinsicReward.sum": {
            "value": -368.4750345349312,
            "min": -424.44003587961197,
            "max": -96.20000779628754,
            "count": 13
        },
        "MoveToGoal.Losses.PolicyLoss.mean": {
            "value": 0.07169387350343943,
            "min": 0.06683577103346275,
            "max": 0.07507603546158256,
            "count": 13
        },
        "MoveToGoal.Losses.PolicyLoss.sum": {
            "value": 0.7169387350343943,
            "min": 0.15015207092316513,
            "max": 0.7319348843593616,
            "count": 13
        },
        "MoveToGoal.Losses.ValueLoss.mean": {
            "value": 0.14840985228462766,
            "min": 0.03889041349369411,
            "max": 0.15258989642218998,
            "count": 13
        },
        "MoveToGoal.Losses.ValueLoss.sum": {
            "value": 1.4840985228462766,
            "min": 0.07778082698738822,
            "max": 1.4840985228462766,
            "count": 13
        },
        "MoveToGoal.Policy.LearningRate.mean": {
            "value": 0.00019651834949389497,
            "min": 0.00019651834949389497,
            "max": 0.00023119667293445005,
            "count": 13
        },
        "MoveToGoal.Policy.LearningRate.sum": {
            "value": 0.0019651834949389498,
            "min": 0.0004623933458689001,
            "max": 0.00226472469509185,
            "count": 13
        },
        "MoveToGoal.Policy.Epsilon.mean": {
            "value": 0.16550610500000001,
            "min": 0.16550610500000001,
            "max": 0.17706555000000002,
            "count": 13
        },
        "MoveToGoal.Policy.Epsilon.sum": {
            "value": 1.65506105,
            "min": 0.35413110000000003,
            "max": 1.7549081500000001,
            "count": 13
        },
        "MoveToGoal.Policy.Beta.mean": {
            "value": 0.0032787546395000007,
            "min": 0.0032787546395000007,
            "max": 0.0038555709450000006,
            "count": 13
        },
        "MoveToGoal.Policy.Beta.sum": {
            "value": 0.032787546395000006,
            "min": 0.007711141890000001,
            "max": 0.037769916685,
            "count": 13
        },
        "MoveToGoal.IsTraining.mean": {
            "value": 1.0,
            "min": 1.0,
            "max": 1.0,
            "count": 13
        },
        "MoveToGoal.IsTraining.sum": {
            "value": 1.0,
            "min": 1.0,
            "max": 1.0,
            "count": 13
        }
    },
    "metadata": {
        "timer_format_version": "0.1.0",
        "start_time_seconds": "1653250218",
        "python_version": "3.7.9 (tags/v3.7.9:13c94747c7, Aug 17 2020, 18:58:18) [MSC v.1900 64 bit (AMD64)]",
        "command_line_arguments": "C:\\Users\\jeffe\\Documents\\Jamie's Work\\Unity Projects\\Learning-bots\\venv\\Scripts\\mlagents-learn Config\\HyperparamsLonger.yaml --run-id fullSIM_checkpoint_incRewards_2 --resume",
        "mlagents_version": "0.29.0",
        "mlagents_envs_version": "0.29.0",
        "communication_protocol_version": "1.5.0",
        "pytorch_version": "1.11.0+cpu",
        "numpy_version": "1.21.6",
        "end_time_seconds": "1653253788"
    },
    "total": 3569.8384128,
    "count": 1,
    "self": 10.034096799999588,
    "children": {
        "run_training.setup": {
            "total": 0.08053790000000038,
            "count": 1,
            "self": 0.08053790000000038
        },
        "TrainerController.start_learning": {
            "total": 3559.7237781000003,
            "count": 1,
            "self": 5.575051699900541,
            "children": {
                "TrainerController._reset_env": {
                    "total": 8.9958387,
                    "count": 1,
                    "self": 8.9958387
                },
                "TrainerController.advance": {
                    "total": 3544.7613757000995,
                    "count": 246831,
                    "self": 5.9780565001779,
                    "children": {
                        "env_step": {
                            "total": 3413.175682999916,
                            "count": 246831,
                            "self": 3060.6342342999483,
                            "children": {
                                "SubprocessEnvManager._take_step": {
                                    "total": 348.8789870999798,
                                    "count": 246831,
                                    "self": 14.636294500015993,
                                    "children": {
                                        "TorchPolicy.evaluate": {
                                            "total": 334.2426925999638,
                                            "count": 246440,
                                            "self": 74.85196209991364,
                                            "children": {
                                                "TorchPolicy.sample_actions": {
                                                    "total": 259.39073050005015,
                                                    "count": 246440,
                                                    "self": 259.39073050005015
                                                }
                                            }
                                        }
                                    }
                                },
                                "workers": {
                                    "total": 3.6624615999876973,
                                    "count": 246830,
                                    "self": 0.0,
                                    "children": {
                                        "worker_root": {
                                            "total": 3465.700517799935,