{
    "name": "root",
    "gauges": {
        "MoveToGoal.Policy.Entropy.mean": {
            "value": 2.0198023319244385,
            "min": 1.4760818481445312,
            "max": 2.0198023319244385,
            "count": 3
        },
        "MoveToGoal.Policy.Entropy.sum": {
            "value": 40434.421875,
            "min": 29611.677734375,
            "max": 40434.421875,
            "count": 3
        },
        "MoveToGoal.Environment.EpisodeLength.mean": {
            "value": 190.2596153846154,
            "min": 185.65420560747663,
            "max": 190.2596153846154,
            "count": 3
        },
        "MoveToGoal.Environment.EpisodeLength.sum": {
            "value": 19787.0,
            "min": 19787.0,
            "max": 19956.0,
            "count": 3
        },
        "MoveToGoal.Step.mean": {
            "value": 59924.0,
            "min": 19989.0,
            "max": 59924.0,
            "count": 3
        },
        "MoveToGoal.Step.sum": {
            "value": 59924.0,
            "min": 19989.0,
            "max": 59924.0,
            "count": 3
        },
        "MoveToGoal.Policy.ExtrinsicValueEstimate.mean": {
            "value": -1.139233946800232,
            "min": -1.139233946800232,
            "max": 5.95802116394043,
            "count": 3
        },
        "MoveToGoal.Policy.ExtrinsicValueEstimate.sum": {
            "value": -232.40371704101562,
            "min": -232.40371704101562,
            "max": 1209.478271484375,
            "count": 3
        },
        "MoveToGoal.Environment.CumulativeReward.mean": {
            "value": -9.500808346271516,
            "min": -9.500808346271516,
            "max": -9.22462508221653,
            "count": 3
        },
        "MoveToGoal.Environment.CumulativeReward.sum": {
            "value": -997.5848763585091,
            "min": -997.5848763585091,
            "max": -980.6698843538761,
            "count": 3
        },
        "MoveToGoal.Policy.ExtrinsicReward.mean": {
            "value": -9.500808346271516,
            "min": -9.500808346271516,
            "max": -9.22462508221653,
            "count": 3
        },
        "MoveToGoal.Policy.ExtrinsicReward.sum": {
            "value": -997.5848763585091,
            "min": -997.5848763585091,
            "max": -980.6698843538761,
            "count": 3
        },
        "MoveToGoal.Losses.PolicyLoss.mean": {
            "value": 0.07325361515805816,
            "min": 0.06894036810316115,
            "max": 0.07325361515805816,
            "count": 3
        },
        "MoveToGoal.Losses.PolicyLoss.sum": {
            "value": 0.6592825364225234,
            "min": 0.6381456930976128,
            "max": 0.6894036810316114,
            "count": 3
        },
        "MoveToGoal.Losses.ValueLoss.mean": {
            "value": 0.17333182518335957,
            "min": 0.17333182518335957,
            "max": 3.7887056851759553,
            "count": 3
        },
        "MoveToGoal.Losses.ValueLoss.sum": {
            "value": 1.5599864266502361,
            "min": 1.5599864266502361,
            "max": 34.0983511665836,
            "count": 3
        },
        "MoveToGoal.Policy.LearningRate.mean": {
            "value": 0.00024959857235603704,
            "min": 0.00024959857235603704,
            "max": 0.0002895145590507037,
            "count": 3
        },
        "MoveToGoal.Policy.LearningRate.sum": {
            "value": 0.002246387151204333,
            "min": 0.002246387151204333,
            "max": 0.002696352101216,
            "count": 3
        },
        "MoveToGoal.Policy.Epsilon.mean": {
            "value": 0.1831995185185185,
            "min": 0.1831995185185185,
            "max": 0.19650485185185187,
            "count": 3
        },
        "MoveToGoal.Policy.Epsilon.sum": {
            "value": 1.6487956666666665,
            "min": 1.6487956666666665,
            "max": 1.8987840000000002,
            "count": 3
        },
        "MoveToGoal.Policy.Beta.mean": {
            "value": 0.004161655974074074,
            "min": 0.004161655974074074,
            "max": 0.0048255921074074086,
            "count": 3
        },
        "MoveToGoal.Policy.Beta.sum": {
            "value": 0.037454903766666665,
            "min": 0.037454903766666665,
            "max": 0.04494932160000001,
            "count": 3
        },
        "MoveToGoal.IsTraining.mean": {
            "value": 1.0,
            "min": 1.0,
            "max": 1.0,
            "count": 3
        },
        "MoveToGoal.IsTraining.sum": {
            "value": 1.0,
            "min": 1.0,
            "max": 1.0,
            "count": 3
        }
    },
    "metadata": {
        "timer_format_version": "0.1.0",
        "start_time_seconds": "1650662019",
        "python_version": "3.9.0 (tags/v3.9.0:9cf6752, Oct  5 2020, 15:34:40) [MSC v.1927 64 bit (AMD64)]",
        "command_line_arguments": "C:\\Users\\churc\\OneDrive - University of Surrey\\Surrey Uni - Year 3\\Professional Project\\Unity project files\\Learning bots\\venv\\Scripts\\mlagents-learn --run-id=NoObstacles Config/Hyperparams.yaml --torch-device cuda --force",
        "mlagents_version": "0.28.0",
        "mlagents_envs_version": "0.28.0",
        "communication_protocol_version": "1.5.0",
        "pytorch_version": "1.8.0+cu111",
        "numpy_version": "1.22.3",
        "end_time_seconds": "1650663388"
    },
    "total": 1369.2601077000002,
    "count": 1,
    "self": 0.012661600000228646,
    "children": {
        "run_training.setup": {
            "total": 0.20274480000000006,
            "count": 1,
            "self": 0.20274480000000006
        },
        "TrainerController.start_learning": {
            "total": 1369.0447013,
            "count": 1,
            "self": 2.245360800003027,
            "children": {
                "TrainerController._reset_env": {
                    "total": 11.1509248,
                    "count": 1,
                    "self": 11.1509248
                },
                "TrainerController.advance": {
                    "total": 1355.241045399997,
                    "count": 67818,
                    "self": 2.2173919000199476,
                    "children": {
                        "env_step": {
                            "total": 1301.1563799999708,
                            "count": 67818,
                            "self": 838.0364792999599,
                            "children": {
                                "SubprocessEnvManager._take_step": {
                                    "total": 461.6715373000228,
                                    "count": 67818,
                                    "self": 8.564465000007317,
                                    "children": {
                                        "TorchPolicy.evaluate": {
                                            "total": 453.1070723000155,
                                            "count": 67522,
                                            "self": 114.23244090000497,
                                            "children": {
                                                "TorchPolicy.sample_actions": {
                                                    "total": 338.8746314000105,
                                                    "count": 67522,
                                                    "self": 338.8746314000105
                                                }
                                            }
                                        }
                                    }
                                },
                                "workers": {
                                    "total": 1.4483633999880592,
                                    "count": 67817,
                                    "self": 0.0,
                                    "children": {
                                        "worker_root": {
                                            "total": 1341.5622387000017,